chr,start,stop,gene
1,22379120,22419437,CDC42
1,197008321,197036397,F13B
1,169483404,169555826,F5
1,155204243,155214490,GBA
1,235824341,236046940,LYST
1,43803478,43818443,MPL
1,186798085,186958113,PLA2G4A
1,145507598,145513536,RBM8A
1,173872947,173886516,SERPINC1
2,44039611,44066004,ABCG5
2,44066103,44105605,ABCG8
2,189896622,190044605,COL5A2
2,85771846,85788670,GGCX
2,47129009,47168994,MCFD2
2,128176003,128186822,PROC
2,122288457,122288583,RNU4ATAC
3,128779610,128781249,GP9
3,148847371,148891519,HPS3
3,186378005,186396029,HRG
3,186435065,186461743,KNG1
3,168801287,169381406,MECOM
3,47021173,47051193,NBEAL2
3,151055168,151102600,P2RY12
3,93591881,93692910,PROS1
3,184089723,184095932,THPO
4,187187099,187210835,F11
4,155504278,155511918,FGA
4,155484108,155492238,FGB
4,155525286,155534119,FGG
4,187130133,187179625,KLKB1
5,77296349,77590579,AP3B1
5,140894583,140998622,DIAPH1
5,176829141,176836577,F12
5,39105338,39274630,FYB1
5,33944721,33984835,SLC45A2
6,15523032,15663289,DTNBP1
6,6144318,6321246,F13A1
6,31686371,31694491,MPIG6B
6,161123270,161174347,PLG
7,98971872,98992424,ARPC1B
7,25159710,25164980,CYCS
7,27221129,27224842,HOXA11
7,100770370,100782547,SERPINE1
7,139476850,139720125,TBXAS1
8,42032236,42065242,PLAT
9,136279478,136324508,ADAMTS13
9,137533620,137736686,COL5A1
9,130577291,130617035,ENG
9,135820932,135867083,GFI1B
9,36214438,36277053,GNE
10,27280843,27389421,ANKRD26
10,100175955,100206684,HPS1
10,103825147,103827792,HPS6
10,75668935,75677255,PLAU
11,46740730,46761056,F2
11,63974150,63991354,FERMT3
11,128556430,128683162,FLI1
11,18300223,18343745,HPS5
11,64494383,64512928,RASGRP2
11,3875757,4114439,STIM1
12,52300692,52317145,ACVRL1
12,45609770,45834187,ANO6
12,11802788,12048336,ETV6
12,112856155,112947717,PTPN11
12,6058040,6233936,VWF
13,113777128,113803843,F10
13,113760105,113774995,F7
13,35516424,36247159,NBEA
14,69340860,69446157,ACTN1
14,77893018,77924295,VIPAS39
15,45879321,45908197,BLOC1S6
15,40763160,40765353,CHST14
15,91541646,91565833,VPS33B
16,31102163,31107301,VKORC1
17,48260650,48278993,COL1A1
17,4835592,4838325,GP1BA
17,42449548,42466873,ITGA2B
17,45331212,45421658,ITGB3
17,1646130,1658562,SERPINF2
17,33875144,33885117,SLFN14
18,60994959,61034743,KDSR
18,56995055,57027194,LMAN1
18,48494410,48611415,SMAD4
19,2100988,2164464,AP3D1
19,45682003,45685059,BLOC1S3
19,55525073,55549632,GP6
19,7701767,7712759,STXBP2
19,3594504,3606838,TBXA2R
20,35973088,36034453,SRC
20,23026270,23030378,THBD
20,57594309,57601709,TUBB1
21,36160098,37376965,RUNX1
22,19710468,19712294,GP1BB
22,26839389,26879803,HPS4
22,36677327,36784063,MYH9
22,21128167,21142008,SERPIND1
X,154064063,154255215,F8
X,138612917,138645617,F9
X,153576892,153603006,FLNA
X,48644962,48652716,GATA1
X,48534985,48549818,WAS
11,48002113,48189670,PTPRJ
12,122064455,122080583,ORAI1
16,28996147,29002104,LAT
19,16177831,16213813,TPM4
1,11845780,11866977,MTHFR
2,188328957,188430487,TFPI
6,160952515,161087407,LPA
10,115310596,115349361,HABP2
12,48366748,48398269,COL2A1
13,113812968,113826694,PROZ
14,94749650,94759608,SERPINA10
17,64208151,64252643,APOH
20,33759876,33765165,PROCR
21,34602206,34637980,IFNAR2
X,15337573,15353676,PIGA